geom,name
"POLYGON ((-111.020843268199 44.9981946924588,-111.020843268199 41.0013336343981,-104.052453769699 41.0013336343981,-104.052453769699 44.9981946924588,-111.020843268199 44.9981946924588))",Wyoming
"POLYGON ((-102.001202837026 37.0018178474121,-102.001202837026 41.0116708731471,-109.052463606531 41.0116708731471,-109.052463606531 37.0018178474121,-102.001202837026 37.0018178474121))",Colorado
